{
  "model": {
    "model_name": "GPT3",
    "num_layers": 10,
    "parameters": {
      "total_parameters_bytes": 2405502976,
      "parameters_per_layer_bytes": [
        393216000,
        202383360,
        202383360,
        202383360,
        202383360,
        202383360,
        202383360,
        202383360,
        202383360,
        393220096
      ]
    },
    "num_MHA_layers": 8
  },
  "execution_time": {
    "total_time_ms": 18344.2528963089,
    "forward_backward_time_ms": 18303.665161132812,
    "batch_generator_time_ms": 1.0437250137329102,
    "layernorm_grads_all_reduce_time_ms": 0.02143383026123047,
    "embedding_grads_all_reduce_time_ms": 0.04825592041015625,
    "optimizer_time_ms": 39.47432041168213,
    "layer_compute_total_ms": [
      17.53997802734375,
      1865.05126953125,
      1865.05126953125,
      1865.05126953125,
      1865.05126953125,
      1865.05126953125,
      1865.05126953125,
      1865.05126953125,
      1865.05126953125,
      17.063140869140625
    ],
    "between_forward_backward_time_ms": 3348.651885986328
  },
  "execution_memory": {
    "total_memory": 53120,
    "layer_memory_total_mb": [
      7820,
      4146,
      4146,
      4146,
      4146,
      4146,
      4146,
      4146,
      4146,
      12132
    ]
  }
}