{
  "model": {
    "model_name": "GPT3",
    "num_layers": 10,
    "parameters": {
      "total_parameters_bytes": 2405502976,
      "parameters_per_layer_bytes": [
        393216000,
        202383360,
        202383360,
        202383360,
        202383360,
        202383360,
        202383360,
        202383360,
        202383360,
        393220096
      ]
    },
    "num_MHA_layers": 8
  },
  "execution_time": {
    "total_time_ms": 62.20536231994629,
    "forward_backward_time_ms": 49.95996952056885,
    "batch_generator_time_ms": 0.9341955184936523,
    "layernorm_grads_all_reduce_time_ms": 0.4595518112182617,
    "embedding_grads_all_reduce_time_ms": 0.037360191345214844,
    "optimizer_time_ms": 10.814285278320312,
    "layer_compute_total_ms": [
      0.5131959915161133,
      5.108475685119629,
      5.108475685119629,
      5.108475685119629,
      5.108475685119629,
      5.108475685119629,
      5.108475685119629,
      5.108475685119629,
      5.108475685119629,
      0.16880035400390625
    ],
    "between_forward_backward_time_ms": 8.410167694091797
  },
  "execution_memory": {
    "total_memory": 53120,
    "layer_memory_total_mb": [
      7820,
      4146,
      4146,
      4146,
      4146,
      4146,
      4146,
      4146,
      4146,
      12132
    ]
  }
}