{
  "model": {
    "model_name": "GPT3",
    "num_layers": 10,
    "parameters": {
      "total_parameters_bytes": 2405502976,
      "parameters_per_layer_bytes": [
        393216000,
        202383360,
        202383360,
        202383360,
        202383360,
        202383360,
        202383360,
        202383360,
        202383360,
        393220096
      ]
    },
    "num_MHA_layers": 8
  },
  "execution_time": {
    "total_time_ms": 16157.764089107513,
    "forward_backward_time_ms": 16015.707015991211,
    "batch_generator_time_ms": 3.6530375480651855,
    "layernorm_grads_all_reduce_time_ms": 0.07501840591430664,
    "embedding_grads_all_reduce_time_ms": 0.16889572143554688,
    "optimizer_time_ms": 138.16012144088745,
    "layer_compute_total_ms": [
      15.347480773925781,
      1631.9198608398438,
      1631.9198608398438,
      1631.9198608398438,
      1631.9198608398438,
      1631.9198608398438,
      1631.9198608398438,
      1631.9198608398438,
      1631.9198608398438,
      14.930248260498047
    ],
    "between_forward_backward_time_ms": 2930.070400238037
  },
  "execution_memory": {
    "total_memory": 53120,
    "layer_memory_total_mb": [
      7820,
      4146,
      4146,
      4146,
      4146,
      4146,
      4146,
      4146,
      4146,
      12132
    ]
  }
}