{
  "model": {
    "model_name": "GPT3",
    "num_layers": 10,
    "parameters": {
      "total_parameters_bytes": 2405502976,
      "parameters_per_layer_bytes": [
        393216000,
        202383360,
        202383360,
        202383360,
        202383360,
        202383360,
        202383360,
        202383360,
        202383360,
        393220096
      ]
    }
  },
  "execution_time": {
    "total_time_ms": 2183.639430999756,
    "forward_backward_time_ms": 2030.907964706421,
    "batch_generator_time_ms": 4.0178656578063965,
    "layernorm_grads_all_reduce_time_ms": 0.07777214050292969,
    "embedding_grads_all_reduce_time_ms": 0.17081499099731445,
    "optimizer_time_ms": 138.58903646469116,
    "layer_compute_total_ms": [
      2.19881534576416,
      206.02190494537354,
      206.02190494537354,
      206.02190494537354,
      206.02190494537354,
      206.02190494537354,
      206.02190494537354,
      206.02190494537354,
      206.02190494537354,
      2.294778823852539
    ]
  },
  "execution_memory": {
    "total_memory": 53120,
    "layer_memory_total_mb": [
      7820,
      4146,
      4146,
      4146,
      4146,
      4146,
      4146,
      4146,
      4146,
      12132
    ]
  }
}