{
  "model": {
    "model_name": "GPT3",
    "num_layers": 10,
    "parameters": {
      "total_parameters_bytes": 2405502976,
      "parameters_per_layer_bytes": [
        393216000,
        202383360,
        202383360,
        202383360,
        202383360,
        202383360,
        202383360,
        202383360,
        202383360,
        393220096
      ]
    }
  },
  "execution_time": {
    "total_time_ms": 398.14579486846924,
    "forward_backward_time_ms": 349.71978664398193,
    "batch_generator_time_ms": 3.269684314727783,
    "layernorm_grads_all_reduce_time_ms": 1.608431339263916,
    "embedding_grads_all_reduce_time_ms": 0.13076066970825195,
    "optimizer_time_ms": 37.849998474121094,
    "layer_compute_total_ms": [
      3.592371940612793,
      35.7593297958374,
      35.7593297958374,
      35.7593297958374,
      35.7593297958374,
      35.7593297958374,
      35.7593297958374,
      35.7593297958374,
      35.7593297958374,
      1.1816024780273438
    ]
  },
  "execution_memory": {
    "total_memory": 53120,
    "layer_memory_total_mb": [
      7820,
      4146,
      4146,
      4146,
      4146,
      4146,
      4146,
      4146,
      4146,
      12132
    ]
  }
}