{
  "model": {
    "model_name": "GPT3",
    "num_layers": 10,
    "parameters": {
      "total_parameters_bytes": 2405502976,
      "parameters_per_layer_bytes": [
        393216000,
        202383360,
        202383360,
        202383360,
        202383360,
        202383360,
        202383360,
        202383360,
        202383360,
        393220096
      ]
    },
    "num_MHA_layers": 8
  },
  "execution_time": {
    "total_time_ms": 200.39925873279572,
    "forward_backward_time_ms": 157.43182003498077,
    "batch_generator_time_ms": 3.254580497741699,
    "layernorm_grads_all_reduce_time_ms": 1.8038630485534668,
    "embedding_grads_all_reduce_time_ms": 0.13309717178344727,
    "optimizer_time_ms": 37.77589797973633,
    "layer_compute_total_ms": [
      1.6011297702789307,
      16.776710748672485,
      16.776710748672485,
      16.776710748672485,
      16.776710748672485,
      16.776710748672485,
      16.776710748672485,
      16.776710748672485,
      16.776710748672485,
      0.353395938873291
    ],
    "between_forward_backward_time_ms": 21.26360833644867
  },
  "execution_memory": {
    "total_memory": 53120,
    "layer_memory_total_mb": [
      7820,
      4146,
      4146,
      4146,
      4146,
      4146,
      4146,
      4146,
      4146,
      12132
    ]
  }
}