{
  "model": {
    "model_name": "GPT3",
    "num_layers": 10,
    "parameters": {
      "total_parameters_bytes": 2405502976,
      "parameters_per_layer_bytes": [
        393216000,
        202383360,
        202383360,
        202383360,
        202383360,
        202383360,
        202383360,
        202383360,
        202383360,
        393220096
      ]
    },
    "num_MHA_layers": 8
  },
  "execution_time": {
    "total_time_ms": 121.68334871530533,
    "forward_backward_time_ms": 78.71591001749039,
    "batch_generator_time_ms": 3.254580497741699,
    "layernorm_grads_all_reduce_time_ms": 1.8038630485534668,
    "embedding_grads_all_reduce_time_ms": 0.13309717178344727,
    "optimizer_time_ms": 37.77589797973633,
    "layer_compute_total_ms": [
      0.8005648851394653,
      8.388355374336243,
      8.388355374336243,
      8.388355374336243,
      8.388355374336243,
      8.388355374336243,
      8.388355374336243,
      8.388355374336243,
      8.388355374336243,
      0.1766979694366455
    ],
    "between_forward_backward_time_ms": 10.631804168224335
  },
  "execution_memory": {
    "total_memory": 53120,
    "layer_memory_total_mb": [
      7820,
      4146,
      4146,
      4146,
      4146,
      4146,
      4146,
      4146,
      4146,
      12132
    ]
  }
}