{
  "model": {
    "model_name": "GPT3",
    "num_layers": 10,
    "parameters": {
      "total_parameters_bytes": 2405502976,
      "parameters_per_layer_bytes": [
        393216000,
        202383360,
        202383360,
        202383360,
        202383360,
        202383360,
        202383360,
        202383360,
        202383360,
        393220096
      ]
    },
    "num_MHA_layers": 8
  },
  "execution_time": {
    "total_time_ms": 23.52154105901718,
    "forward_backward_time_ms": 11.245130002498627,
    "batch_generator_time_ms": 0.9298801422119141,
    "layernorm_grads_all_reduce_time_ms": 0.5153894424438477,
    "embedding_grads_all_reduce_time_ms": 0.03802776336669922,
    "optimizer_time_ms": 10.793113708496094,
    "layer_compute_total_ms": [
      0.11436641216278076,
      1.1983364820480347,
      1.1983364820480347,
      1.1983364820480347,
      1.1983364820480347,
      1.1983364820480347,
      1.1983364820480347,
      1.1983364820480347,
      1.1983364820480347,
      0.02524256706237793
    ],
    "between_forward_backward_time_ms": 1.5188291668891907
  },
  "execution_memory": {
    "total_memory": 53120,
    "layer_memory_total_mb": [
      7820,
      4146,
      4146,
      4146,
      4146,
      4146,
      4146,
      4146,
      4146,
      12132
    ]
  }
}