{
  "model": {
    "model_name": "GPT3",
    "num_layers": 10,
    "parameters": {
      "total_parameters_bytes": 2405502976,
      "parameters_per_layer_bytes": [
        393216000,
        202383360,
        202383360,
        202383360,
        202383360,
        202383360,
        202383360,
        202383360,
        202383360,
        393220096
      ]
    },
    "num_MHA_layers": 8
  },
  "execution_time": {
    "total_time_ms": 683.2258701324463,
    "forward_backward_time_ms": 670.5899238586426,
    "batch_generator_time_ms": 0.9746074676513672,
    "layernorm_grads_all_reduce_time_ms": 0.6551504135131836,
    "embedding_grads_all_reduce_time_ms": 0.04265308380126953,
    "optimizer_time_ms": 10.96353530883789,
    "layer_compute_total_ms": [
      5.898475646972656,
      71.64764404296875,
      71.64764404296875,
      71.64764404296875,
      71.64764404296875,
      71.64764404296875,
      71.64764404296875,
      71.64764404296875,
      71.64764404296875,
      1.3580322265625
    ],
    "between_forward_backward_time_ms": 90.15226364135742
  },
  "execution_memory": {
    "total_memory": 53120,
    "layer_memory_total_mb": [
      7820,
      4146,
      4146,
      4146,
      4146,
      4146,
      4146,
      4146,
      4146,
      12132
    ]
  }
}