{
  "model": {
    "model_name": "GPT3",
    "num_layers": 10,
    "parameters": {
      "total_parameters_bytes": 2405502976,
      "parameters_per_layer_bytes": [
        393216000,
        202383360,
        202383360,
        202383360,
        202383360,
        202383360,
        202383360,
        202383360,
        202383360,
        393220096
      ]
    },
    "num_MHA_layers": 8
  },
  "execution_time": {
    "total_time_ms": 80.8986984193325,
    "forward_backward_time_ms": 36.672886461019516,
    "batch_generator_time_ms": 3.411126136779785,
    "layernorm_grads_all_reduce_time_ms": 2.2930264472961426,
    "embedding_grads_all_reduce_time_ms": 0.14928579330444336,
    "optimizer_time_ms": 38.37237358093262,
    "layer_compute_total_ms": [
      0.32257288694381714,
      3.9182305335998535,
      3.9182305335998535,
      3.9182305335998535,
      3.9182305335998535,
      3.9182305335998535,
      3.9182305335998535,
      3.9182305335998535,
      3.9182305335998535,
      0.07426738739013672
    ],
    "between_forward_backward_time_ms": 4.930201917886734
  },
  "execution_memory": {
    "total_memory": 53120,
    "layer_memory_total_mb": [
      7820,
      4146,
      4146,
      4146,
      4146,
      4146,
      4146,
      4146,
      4146,
      12132
    ]
  }
}