{
  "model": {
    "model_name": "GPT3",
    "num_layers": 10,
    "parameters": {
      "total_parameters_bytes": 2405502976,
      "parameters_per_layer_bytes": [
        393216000,
        202383360,
        202383360,
        202383360,
        202383360,
        202383360,
        202383360,
        202383360,
        202383360,
        393220096
      ]
    },
    "num_MHA_layers": 8
  },
  "execution_time": {
    "total_time_ms": 217.718768119812,
    "forward_backward_time_ms": 174.85989332199097,
    "batch_generator_time_ms": 3.269684314727783,
    "layernorm_grads_all_reduce_time_ms": 1.608431339263916,
    "embedding_grads_all_reduce_time_ms": 0.13076066970825195,
    "optimizer_time_ms": 37.849998474121094,
    "layer_compute_total_ms": [
      1.7961859703063965,
      17.8796648979187,
      17.8796648979187,
      17.8796648979187,
      17.8796648979187,
      17.8796648979187,
      17.8796648979187,
      17.8796648979187,
      17.8796648979187,
      0.5908012390136719
    ],
    "between_forward_backward_time_ms": 29.43558692932129
  },
  "execution_memory": {
    "total_memory": 53120,
    "layer_memory_total_mb": [
      7820,
      4146,
      4146,
      4146,
      4146,
      4146,
      4146,
      4146,
      4146,
      12132
    ]
  }
}