{
  "model": {
    "model_name": "GPT3",
    "num_layers": 10,
    "parameters": {
      "total_parameters_bytes": 2405502976,
      "parameters_per_layer_bytes": [
        393216000,
        202383360,
        202383360,
        202383360,
        202383360,
        202383360,
        202383360,
        202383360,
        202383360,
        393220096
      ]
    }
  },
  "execution_time": {
    "total_time_ms": 4156.674575805664,
    "forward_backward_time_ms": 4003.9267539978027,
    "batch_generator_time_ms": 3.6530375480651855,
    "layernorm_grads_all_reduce_time_ms": 0.07501840591430664,
    "embedding_grads_all_reduce_time_ms": 0.16889572143554688,
    "optimizer_time_ms": 138.16012144088745,
    "layer_compute_total_ms": [
      3.8368701934814453,
      407.97996520996094,
      407.97996520996094,
      407.97996520996094,
      407.97996520996094,
      407.97996520996094,
      407.97996520996094,
      407.97996520996094,
      407.97996520996094,
      3.7325620651245117
    ]
  },
  "execution_memory": {
    "total_memory": 53120,
    "layer_memory_total_mb": [
      7820,
      4146,
      4146,
      4146,
      4146,
      4146,
      4146,
      4146,
      12132
    ]
  }
}