{
  "model": {
    "model_name": "GPT3",
    "num_layers": 10,
    "parameters": {
      "total_parameters_bytes": 2405502976,
      "parameters_per_layer_bytes": [
        393216000,
        202383360,
        202383360,
        202383360,
        202383360,
        202383360,
        202383360,
        202383360,
        202383360,
        393220096
      ]
    }
  },
  "execution_time": {
    "total_time_ms": 1176.764166355133,
    "forward_backward_time_ms": 1024.7876405715942,
    "batch_generator_time_ms": 3.2007575035095215,
    "layernorm_grads_all_reduce_time_ms": 0.07109642028808594,
    "embedding_grads_all_reduce_time_ms": 0.14870166778564453,
    "optimizer_time_ms": 137.58141994476318,
    "layer_compute_total_ms": [
      1.0122060775756836,
      103.27798128128052,
      103.27798128128052,
      103.27798128128052,
      103.27798128128052,
      103.27798128128052,
      103.27798128128052,
      103.27798128128052,
      103.27798128128052,
      1.4352798461914062
    ]
  },
  "execution_memory": {
    "total_memory": 53120,
    "layer_memory_total_mb": [
      7820,
      4146,
      4146,
      4146,
      4146,
      4146,
      4146,
      4146,
      12132
    ]
  }
}