{
  "model": {
    "model_name": "GPT3",
    "num_layers": 10,
    "parameters": {
      "total_parameters_bytes": 2405502976,
      "parameters_per_layer_bytes": [
        393216000,
        202383360,
        202383360,
        202383360,
        202383360,
        202383360,
        202383360,
        202383360,
        202383360,
        393220096
      ]
    },
    "num_MHA_layers": 8
  },
  "execution_time": {
    "total_time_ms": 68587.1486544609,
    "forward_backward_time_ms": 68510.00595092773,
    "batch_generator_time_ms": 3.2744407653808594,
    "layernorm_grads_all_reduce_time_ms": 2.1414875984191895,
    "embedding_grads_all_reduce_time_ms": 0.13451576232910156,
    "optimizer_time_ms": 71.59225940704346,
    "layer_compute_total_ms": [
      280.8341979980469,
      7084.194183349609,
      7084.194183349609,
      7084.194183349609,
      7084.194183349609,
      7084.194183349609,
      7084.194183349609,
      7084.194183349609,
      7084.194183349609,
      75.03509521484375
    ],
    "between_forward_backward_time_ms": 11480.583190917969
  },
  "execution_memory": {
    "total_memory": 53120,
    "layer_memory_total_mb": [
      7820,
      4146,
      4146,
      4146,
      4146,
      4146,
      4146,
      4146,
      4146,
      12132
    ]
  }
}