{
  "model": {
    "model_name": "GPT3",
    "num_layers": 10,
    "parameters": {
      "total_parameters_bytes": 2405502976,
      "parameters_per_layer_bytes": [
        393216000,
        202383360,
        202383360,
        202383360,
        202383360,
        202383360,
        202383360,
        202383360,
        202383360,
        393220096
      ]
    },
    "num_MHA_layers": 8
  },
  "execution_time": {
    "total_time_ms": 8149.910581111908,
    "forward_backward_time_ms": 8007.8535079956055,
    "batch_generator_time_ms": 3.6530375480651855,
    "layernorm_grads_all_reduce_time_ms": 0.07501840591430664,
    "embedding_grads_all_reduce_time_ms": 0.16889572143554688,
    "optimizer_time_ms": 138.16012144088745,
    "layer_compute_total_ms": [
      7.673740386962891,
      815.9599304199219,
      815.9599304199219,
      815.9599304199219,
      815.9599304199219,
      815.9599304199219,
      815.9599304199219,
      815.9599304199219,
      815.9599304199219,
      7.465124130249023
    ],
    "between_forward_backward_time_ms": 1465.0352001190186
  },
  "execution_memory": {
    "total_memory": 53120,
    "layer_memory_total_mb": [
      7820,
      4146,
      4146,
      4146,
      4146,
      4146,
      4146,
      4146,
      4146,
      12132
    ]
  }
}