{
  "model": {
    "model_name": "GPT3",
    "num_layers": 10,
    "parameters": {
      "total_parameters_bytes": 2405502976,
      "parameters_per_layer_bytes": [
        393216000,
        202383360,
        202383360,
        202383360,
        202383360,
        202383360,
        202383360,
        202383360,
        202383360,
        393220096
      ]
    },
    "num_MHA_layers": 8
  },
  "execution_time": {
    "total_time_ms": 662.7625823020935,
    "forward_backward_time_ms": 586.6007924079895,
    "batch_generator_time_ms": 3.150773048400879,
    "layernorm_grads_all_reduce_time_ms": 1.9272804260253906,
    "embedding_grads_all_reduce_time_ms": 0.1386880874633789,
    "optimizer_time_ms": 70.94504833221436,
    "layer_compute_total_ms": [
      4.068851470947266,
      58.93242359161377,
      58.93242359161377,
      58.93242359161377,
      58.93242359161377,
      58.93242359161377,
      58.93242359161377,
      58.93242359161377,
      58.93242359161377,
      1.2350082397460938
    ],
    "between_forward_backward_time_ms": 109.83754396438599
  },
  "execution_memory": {
    "total_memory": 53120,
    "layer_memory_total_mb": [
      7820,
      4146,
      4146,
      4146,
      4146,
      4146,
      4146,
      4146,
      4146,
      12132
    ]
  }
}