{
  "model": {
    "model_name": "GPT3",
    "num_layers": 10,
    "parameters": {
      "total_parameters_bytes": 2405502976,
      "parameters_per_layer_bytes": [
        393216000,
        202383360,
        202383360,
        202383360,
        202383360,
        202383360,
        202383360,
        202383360,
        202383360,
        393220096
      ]
    },
    "num_MHA_layers": 8
  },
  "execution_time": {
    "total_time_ms": 1173.6563682556152,
    "forward_backward_time_ms": 1096.7723488807678,
    "batch_generator_time_ms": 3.589951992034912,
    "layernorm_grads_all_reduce_time_ms": 2.087247371673584,
    "embedding_grads_all_reduce_time_ms": 0.15145540237426758,
    "optimizer_time_ms": 71.05536460876465,
    "layer_compute_total_ms": [
      6.020665168762207,
      112.8455400466919,
      112.8455400466919,
      112.8455400466919,
      112.8455400466919,
      112.8455400466919,
      112.8455400466919,
      112.8455400466919,
      112.8455400466919,
      1.6422271728515625
    ],
    "between_forward_backward_time_ms": 186.3451361656189
  },
  "execution_memory": {
    "total_memory": 53120,
    "layer_memory_total_mb": [
      7820,
      4146,
      4146,
      4146,
      4146,
      4146,
      4146,
      4146,
      4146,
      12132
    ]
  }
}